peptide,auc,auc01,ap,acc,tn,fp,fn,tp,precision,recall,size,mindist
ALQIPFAMQM,0.3333333333333333,0.4736842105263157,0.3333333333333333,50.0,1,2,0,1,0.3333333333333333,1.0,4,6
FAMQMAYRF,0.5185185185185185,0.4736842105263157,0.3035714285714285,58.333333333333336,6,3,2,1,0.25,0.3333333333333333,12,6
FPQSAPHGVVF,0.6666666666666667,0.4736842105263157,0.5,75.0,2,1,0,1,0.5,1.0,4,6
GPEPLPQGQLTAY,1.0,1.0,1.0,100.0,3,0,0,1,1.0,1.0,4,1
KIYSKHTPI,1.0,1.0,1.0,75.0,2,1,0,1,0.5,1.0,4,4
KLVALVINAV,0.0,0.4736842105263157,0.25,0.0,0,3,1,0,0.0,0.0,4,1
KQIYKTPPI,0.6666666666666667,0.4736842105263157,0.5,50.0,2,1,1,0,0.0,0.0,4,4
LPEGLPQGQLTAY,1.0,1.0,1.0,100.0,3,0,0,1,1.0,1.0,4,1
LPEPLGQGQLTAY,1.0,1.0,1.0,50.0,1,2,0,1,0.3333333333333333,1.0,4,1
LPEPLPQAQLTAY,1.0,1.0,1.0,75.0,2,1,0,1,0.5,1.0,4,1
LPEPLPQGGLTAY,1.0,1.0,1.0,75.0,2,1,0,1,0.5,1.0,4,1
LPEPLPQGQLGAY,1.0,1.0,1.0,75.0,2,1,0,1,0.5,1.0,4,1
LPFDKPTIM,0.0,0.4736842105263157,0.25,50.0,2,1,1,0,0.0,0.0,4,1
LPFDKTTIM,0.5833333333333333,0.7368421052631579,0.6428571428571428,87.5,6,0,1,1,1.0,0.5,8,1
LPFERATIM,0.0,0.4736842105263157,0.25,50.0,2,1,1,0,0.0,0.0,4,2
LPPAYTNSF,0.75,0.7368421052631579,0.7,75.0,5,1,1,1,0.5,0.5,8,1
MEVTPSGTWL,0.4497959183673469,0.5037593984962406,0.2724085707367889,52.142857142857146,60,45,22,13,0.2241379310344827,0.3714285714285714,140,5
MLAKALRKV,0.1851851851851851,0.4736842105263157,0.2066498316498316,41.66666666666667,5,4,3,0,0.0,0.0,12,4
MQLFFSYFA,0.3333333333333333,0.4736842105263157,0.3333333333333333,50.0,2,1,1,0,0.0,0.0,4,5
RARSVASQSI,1.0,1.0,1.0,100.0,3,0,0,1,1.0,1.0,4,6
RLITGRLQSL,0.39,0.4736842105263157,0.213378770424049,52.5,20,10,9,1,0.0909090909090909,0.1,40,1
RLPAKAPL,0.6666666666666667,0.4736842105263157,0.5,75.0,2,1,0,1,0.5,1.0,4,1
RMYSPVSI,0.6666666666666667,0.4736842105263157,0.5,75.0,2,1,0,1,0.5,1.0,4,1
TLATHGLAAV,0.3333333333333333,0.4736842105263157,0.3333333333333333,25.0,1,2,1,0,0.0,0.0,4,4
YLEPGPVTA,0.6666666666666667,0.4736842105263157,0.5,50.0,2,1,1,0,0.0,0.0,4,1
