peptide,auc01,ap,acc,tn,fp,fn,tp,precision,recall,val_length,train_length,best_epoch
ELFSYLIEK,1.0,1.0,50.0,0,2,0,2,0.5,1.0,4,56,1
ASNENMETM,1.0,1.0,50.0,0,1,0,1,0.5,1.0,2,58,1
ELAAIGILTV,1.0,1.0,50.0,0,1,0,1,0.5,1.0,2,58,54
ELAGIGALTV,0.47368421052631576,0.5,0.0,0,1,1,0,0.0,0.0,2,58,1
EPLPQGQLTAY,1.0,1.0,50.0,1,0,1,0,0.0,0.0,2,58,1
HMTEVVRHC,0.47368421052631576,0.5,0.0,0,1,1,0,0.0,0.0,2,58,1
IPSINVHHY,1.0,1.0,50.0,0,1,0,1,0.5,1.0,2,58,25
KAPYNFATM,1.0,1.0,50.0,0,1,0,1,0.5,1.0,2,58,1
KRWIILGLNK,0.47368421052631576,0.5,50.0,1,0,1,0,0.0,0.0,2,58,1
LPEPLPQGQLTAY,0.47368421052631576,0.5,50.0,0,1,0,1,0.5,1.0,2,58,1
