peptide,auc01,ap,acc,tn,fp,fn,tp,precision,recall,val_length,train_length
ELFSYLIEK,0.47368421052631576,0.41666666666666663,50.0,0,2,0,2,0.5,1.0,4,56
ASNENMETM,0.47368421052631576,0.5,50.0,1,0,1,0,0.0,0.0,2,58
ELAAIGILTV,0.47368421052631576,0.5,50.0,0,1,0,1,0.5,1.0,2,58
ELAGIGALTV,0.47368421052631576,0.5,50.0,0,1,0,1,0.5,1.0,2,58
EPLPQGQLTAY,0.47368421052631576,0.5,0.0,0,1,1,0,0.0,0.0,2,58
HMTEVVRHC,0.47368421052631576,0.5,50.0,0,1,0,1,0.5,1.0,2,58
IPSINVHHY,1.0,1.0,50.0,1,0,1,0,0.0,0.0,2,58
KAPYNFATM,0.47368421052631576,0.5,50.0,1,0,1,0,0.0,0.0,2,58
KRWIILGLNK,0.47368421052631576,0.5,50.0,0,1,0,1,0.5,1.0,2,58
LPEPLPQGQLTAY,0.47368421052631576,0.5,0.0,0,1,1,0,0.0,0.0,2,58
